https://www.theverge.com/circuitbreaker/2019/3/13/18263499/vivo-apex-2019-port-less-phone-preview?fbclid=IwAR1JcgGL7dLNDgvrPaK_D60nd07-kdDMeHYXw_a8wXbtLgeTmkB8z3Hk32A,85
https://www.theverge.com/,223
https://www.theverge.com/rss/index.xml,0
https://www.theverge.com/tech,229
https://www.theverge.com/reviews,290
https://www.theverge.com/science,232
https://www.theverge.com/entertainment,235
https://www.theverge.com/features,208
https://www.theverge.com/podcasts,74
https://www.theverge.com/pages/newsletters,67
https://www.theverge.com/store,22
https://www.theverge.com/amazon,202
https://www.theverge.com/apple,240
https://www.theverge.com/facebook,232
https://www.theverge.com/google,235
https://www.theverge.com/microsoft,238
https://www.theverge.com/tesla-motors,205
https://www.theverge.com/ai-artificial-intelligence,238
https://www.theverge.com/cars,204
https://www.theverge.com/cyber-security,200
