https://www.sciencedaily.com/releases/2019/03/190313150219.htm,0
https://spoonuniversity.com/lifestyle/heck-boba,206
https://spoonuniversity.com/recipe/breakfast,211
https://spoonuniversity.com/recipe/lunch,211
https://spoonuniversity.com/recipe/dinner,211
https://spoonuniversity.com/recipe/dessert,211
https://spoonuniversity.com/recipe/snack,211
https://www.cbssports.com/nba/news/warriors-vs-rockets-score-demarcus-cousins-creates-problem-for-houston-as-golden-state-snaps-rockets-win-streak/,111
https://www.cbssports.com/,326
https://www.cbssports.com/live/?ftag=SHQ-16-10aaa0a,138
https://www.cbssports.com/college-basketball/ncaa-tournament/brackets/games/,105
https://www.cbssports.com/fantasy/,273
https://www.cbssports.com/nfl/,111
https://www.cbssports.com/college-basketball/,144
https://www.cbssports.com/nba/,111
https://www.cbssports.com/mlb/,113
https://www.cbssports.com/golf/,238
https://www.cbssports.com/college-football/,99
https://www.cbssports.com/nhl/,111
https://www.cbssports.com/mma,76
https://www.cbssports.com/wwe/,66
https://www.cbssports.com/boxing/,63
https://www.cbssports.com/soccer/,84
https://www.cbssports.com/aaf/,84
https://www.cbssports.com/nascar/,70
https://www.cbssports.com/tennis/,84
https://www.cbssports.com/crossfit/,74
