https://www.sciencemag.org/news/2019/03/lawmakers-seek-delay-radio-spectrum-auction-next-gen-cell-service-saying-5g-plans-could,75
https://www.sciencemag.org/,206
https://www.sciencemag.org/news,179
https://www.sciencemag.org/journals,111
https://www.sciencemag.org/topics,149
http://www.sciencemag.org/careers,163
http://www.sciencemag.org/subscribe/my-account,58
http://www.sciencemag.org/about/contact-us,66
http://www.sciencemag.org/subscribe/get-our-newsletters,58
http://www.sciencemag.org/contributing-science-family-journals,63
http://www.sciencemag.org/librarian-portal-home,73
https://www.sciencemag.org/videos,113
https://www.sciencemag.org/podcasts,105
https://www.sciencemag.org/slideshow,59
http://www.sciencemag.org/announcing-10th-annual-dance-your-phd-contest,64
https://www.sciencemag.org/news/latest-news,153
https://www.sciencemag.org/news/scienceinsider,118
https://www.sciencemag.org/news/scienceshots,132
https://www.sciencemag.org/news/sifter,115
http://www.sciencemag.org/about-news-science,63
